sample_index,question_id,model,CB_SAS
1,2391,gpt-4o,0.03441593050956726
2,2660,gpt-4o,0.0634598433971405
3,1360,gpt-4o,0.06931574642658234
4,4733,gpt-4o,-0.09604029357433319
5,3320,gpt-4o,-0.09878236055374146
6,6154,gpt-4o,0.023081421852111816
7,6942,gpt-4o,0.024917036294937134
8,1588,gpt-4o,0.12118953466415405
9,6699,gpt-4o,0.04352067410945892
10,6334,gpt-4o,-0.004760861396789551
11,2626,gpt-4o,0.015760108828544617
12,11018,gpt-4o,0.11540579795837402
13,7380,gpt-4o,0.17593982815742493
14,7423,gpt-4o,0.20848238468170166
15,7682,gpt-4o,-0.04513022303581238
16,1553,gpt-4o,0.05642387270927429
17,1873,gpt-4o,0.009018510580062866
18,4801,gpt-4o,-0.019972339272499084
19,1788,gpt-4o,-0.15541227161884308
20,6664,gpt-4o,-0.030396699905395508
21,1590,gpt-4o,-0.02010244131088257
22,6491,gpt-4o,-0.01620301604270935
23,7572,gpt-4o,0.04194191098213196
24,4982,gpt-4o,0.05606794357299805
25,3078,gpt-4o,-0.010034531354904175
26,6589,gpt-4o,0.03542280197143555
27,11164,gpt-4o,0.2113218456506729
28,7236,gpt-4o,-0.06125080585479736
29,4791,gpt-4o,0.07472717761993408
30,3076,gpt-4o,0.06106114387512207
31,1870,gpt-4o,-0.010132059454917908
32,3183,gpt-4o,-0.05982005596160889
33,2091,gpt-4o,-0.03451220691204071
34,1427,gpt-4o,0.01202845573425293
35,6552,gpt-4o,0.11713643372058868
36,6592,gpt-4o,0.10029497742652893
37,4810,gpt-4o,-0.09171903133392334
38,2488,gpt-4o,-0.008242964744567871
39,1423,gpt-4o,0.021497532725334167
40,3438,gpt-4o,0.0028985142707824707
41,6627,gpt-4o,-0.007044315338134766
42,2499,gpt-4o,-0.041579365730285645
43,5036,gpt-4o,-0.054330289363861084
44,4892,gpt-4o,-0.1503259837627411
45,7491,gpt-4o,0.024352699518203735
46,6451,gpt-4o,0.06797650456428528
47,7614,gpt-4o,-0.047767460346221924
48,1830,gpt-4o,-0.03248456120491028
49,6262,gpt-4o,0.03117278218269348
50,6792,gpt-4o,0.03732192516326904
51,10856,gpt-4o,0.061503857374191284
52,2261,gpt-4o,0.12492978572845459
53,4762,gpt-4o,-0.06477433443069458
54,10852,gpt-4o,-0.01929640769958496
55,7340,gpt-4o,-0.060139745473861694
56,1528,gpt-4o,0.13168391585350037
57,2715,gpt-4o,-0.029807358980178833
58,2920,gpt-4o,-0.0338580459356308
59,10976,gpt-4o,0.0916694700717926
60,6743,gpt-4o,0.13694673776626587
61,904,gpt-4o,0.07467252016067505
62,7057,gpt-4o,-0.007058128714561462
63,7042,gpt-4o,0.05911657214164734
64,7626,gpt-4o,-0.08447045087814331
65,1511,gpt-4o,0.07085037231445312
66,7166,gpt-4o,-0.19395096600055695
67,2962,gpt-4o,0.011416077613830566
68,7679,gpt-4o,-0.05936837196350098
69,7448,gpt-4o,0.08232355117797852
70,11066,gpt-4o,0.0194302499294281
71,7138,gpt-4o,0.060398608446121216
72,4991,gpt-4o,-0.09728331863880157
73,4823,gpt-4o,-0.021798700094223022
74,2519,gpt-4o,0.07816633582115173
75,7454,gpt-4o,0.07424312829971313
76,1522,gpt-4o,-0.006678521633148193
77,2879,gpt-4o,-0.08279624581336975
78,4866,gpt-4o,-0.07745006680488586
79,1575,gpt-4o,0.04003840684890747
80,10913,gpt-4o,0.0684434175491333
81,7405,gpt-4o,-0.06997518241405487
82,7107,gpt-4o,-0.1550121158361435
83,7559,gpt-4o,0.06925415992736816
84,973,gpt-4o,0.034680455923080444
85,6220,gpt-4o,0.015230625867843628
86,1314,gpt-4o,0.01066240668296814
87,1738,gpt-4o,0.0018011927604675293
88,11172,gpt-4o,0.07017397880554199
89,7596,gpt-4o,-0.002997487783432007
90,7202,gpt-4o,0.057128459215164185
91,6386,gpt-4o,-0.013835102319717407
92,5001,gpt-4o,-0.10477955639362335
93,6363,gpt-4o,0.21412979066371918
94,2228,gpt-4o,-0.006809532642364502
95,6900,gpt-4o,-0.01967799663543701
96,5042,gpt-4o,-0.014006882905960083
97,5027,gpt-4o,-0.08744189143180847
98,4931,gpt-4o,0.10479733347892761
99,1573,gpt-4o,0.0006883144378662109
100,7363,gpt-4o,-0.06216415762901306
101,1878,gpt-4o,0.1058729887008667
102,1992,gpt-4o,0.20479533076286316
103,1065,gpt-4o,0.07699477672576904
104,1404,gpt-4o,0.01123616099357605
105,2819,gpt-4o,0.040974050760269165
106,6339,gpt-4o,-0.02260187268257141
107,10875,gpt-4o,0.09050819277763367
108,1249,gpt-4o,0.07606068253517151
109,6344,gpt-4o,-0.05549637973308563
110,1229,gpt-4o,0.1562817394733429
111,7627,gpt-4o,-0.08050213754177094
112,905,gpt-4o,-0.04697337746620178
113,10881,gpt-4o,-0.07213124632835388
114,6994,gpt-4o,0.10557937622070312
115,4914,gpt-4o,-0.024339616298675537
116,6134,gpt-4o,-0.008456289768218994
117,7287,gpt-4o,0.0644180178642273
118,10945,gpt-4o,0.07298114895820618
119,4773,gpt-4o,0.12574563920497894
120,11189,gpt-4o,-0.012630939483642578
121,2467,gpt-4o,0.08363670110702515
122,6682,gpt-4o,0.14405465126037598
123,2986,gpt-4o,0.08030450344085693
124,7524,gpt-4o,0.07168640196323395
125,11202,gpt-4o,0.0696527361869812
126,2429,gpt-4o,-0.051634132862091064
127,4886,gpt-4o,0.06527900695800781
128,6479,gpt-4o,0.0821302980184555
129,3105,gpt-4o,0.09978784620761871
130,1471,gpt-4o,0.09778013825416565
131,6729,gpt-4o,0.07488858699798584
132,10965,gpt-4o,0.09611517190933228
133,11228,gpt-4o,0.06282272934913635
134,1180,gpt-4o,-0.016188576817512512
135,3364,gpt-4o,-0.07943083345890045
136,4727,gpt-4o,-0.023477673530578613
137,2899,gpt-4o,0.1121017336845398
138,2953,gpt-4o,0.054147541522979736
139,4859,gpt-4o,-0.06371645629405975
140,6467,gpt-4o,0.0670756995677948
141,7163,gpt-4o,-0.005963489413261414
142,7536,gpt-4o,0.11116379499435425
143,1809,gpt-4o,0.12757253646850586
144,7109,gpt-4o,-0.07300896942615509
145,3421,gpt-4o,-0.13204257190227509
146,964,gpt-4o,0.010576888918876648
147,6322,gpt-4o,-0.08214011788368225
148,7298,gpt-4o,0.0020496249198913574
149,6207,gpt-4o,0.013319417834281921
150,3131,gpt-4o,-0.038252562284469604
151,1601,gpt-4o,-0.007427126169204712
152,11125,gpt-4o,0.0353432297706604
153,7336,gpt-4o,0.08447211980819702
154,10880,gpt-4o,-0.0409758985042572
155,1425,gpt-4o,0.023441076278686523
156,10978,gpt-4o,0.1383432149887085
157,4703,gpt-4o,0.1301291137933731
158,1010,gpt-4o,0.02175578474998474
159,3165,gpt-4o,-0.06724968552589417
160,2783,gpt-4o,-0.02954752743244171
161,1521,gpt-4o,0.08008766174316406
162,4856,gpt-4o,-0.06455256044864655
163,4778,gpt-4o,-0.05845277011394501
164,3369,gpt-4o,0.014859765768051147
165,2472,gpt-4o,-0.06937000155448914
166,6097,gpt-4o,0.08995908498764038
167,3174,gpt-4o,0.09349122643470764
168,6550,gpt-4o,0.03963500261306763
169,2865,gpt-4o,-0.00927668809890747
170,6409,gpt-4o,-0.04258394241333008
171,877,gpt-4o,0.02447718381881714
172,6520,gpt-4o,-0.05659611523151398
173,6330,gpt-4o,0.015340864658355713
174,1333,gpt-4o,0.06668606400489807
175,6314,gpt-4o,-0.0237894207239151
176,2842,gpt-4o,0.03727123141288757
177,10973,gpt-4o,-0.031057626008987427
178,6128,gpt-4o,-0.012988537549972534
179,6593,gpt-4o,-0.15136557817459106
180,3240,gpt-4o,0.03381207585334778
181,7396,gpt-4o,-0.004304707050323486
182,4919,gpt-4o,-0.0053657591342926025
183,7612,gpt-4o,0.004076480865478516
184,7449,gpt-4o,-0.002802610397338867
185,6540,gpt-4o,-0.03844130039215088
186,10811,gpt-4o,-0.06539294123649597
187,4712,gpt-4o,0.16610868275165558
188,11100,gpt-4o,0.07068544626235962
189,7070,gpt-4o,0.05753585696220398
190,950,gpt-4o,-0.00658203661441803
191,6434,gpt-4o,-0.16209620237350464
192,2361,gpt-4o,0.012738466262817383
193,7408,gpt-4o,-0.020352870225906372
194,7285,gpt-4o,0.05253449082374573
195,963,gpt-4o,0.07585161924362183
196,4857,gpt-4o,-0.06980139017105103
197,2906,gpt-4o,-0.0029265880584716797
198,3452,gpt-4o,-0.037956416606903076
199,6481,gpt-4o,0.03357914090156555
200,11024,gpt-4o,0.10155567526817322
201,1888,gpt-4o,-0.07789644598960876
202,1751,gpt-4o,0.03437814116477966
203,1811,gpt-4o,-0.07234469056129456
204,7327,gpt-4o,-0.014095962047576904
205,7094,gpt-4o,0.19341814517974854
206,1154,gpt-4o,0.17479610443115234
207,6644,gpt-4o,-0.02640235424041748
208,1724,gpt-4o,-0.0072672367095947266
209,1039,gpt-4o,0.07563480734825134
210,1242,gpt-4o,-0.014275670051574707
211,2809,gpt-4o,0.09808436036109924
212,1136,gpt-4o,0.03562936186790466
213,1805,gpt-4o,0.07786828279495239
214,7538,gpt-4o,-0.04854115843772888
215,2464,gpt-4o,0.19024387001991272
216,10791,gpt-4o,-0.12495008111000061
217,2661,gpt-4o,-0.03259725868701935
218,6127,gpt-4o,0.03332142531871796
219,4891,gpt-4o,0.11466369032859802
220,996,gpt-4o,0.08449169993400574
221,2867,gpt-4o,-0.04591527581214905
222,1975,gpt-4o,0.05481185019016266
223,4694,gpt-4o,0.0026602447032928467
224,6804,gpt-4o,0.058050379157066345
225,1382,gpt-4o,-0.15859980881214142
226,908,gpt-4o,0.04750952124595642
227,1221,gpt-4o,-0.07717208564281464
228,1058,gpt-4o,-0.06958162784576416
229,3027,gpt-4o,0.1332438588142395
230,2244,gpt-4o,-0.04022955894470215
231,6788,gpt-4o,-0.009209483861923218
232,2023,gpt-4o,0.01808670163154602
233,1971,gpt-4o,0.13479824364185333
234,2997,gpt-4o,-0.01615196466445923
235,10802,gpt-4o,0.023342788219451904
236,11183,gpt-4o,-0.07566589117050171
237,1959,gpt-4o,-0.13511738181114197
238,5003,gpt-4o,0.019312649965286255
239,2856,gpt-4o,-0.005224019289016724
240,1181,gpt-4o,0.0685427337884903
241,2806,gpt-4o,-0.04416981339454651
242,2322,gpt-4o,0.0512118935585022
243,6228,gpt-4o,0.05031415820121765
244,1741,gpt-4o,0.12272870540618896
245,1162,gpt-4o,0.0900883823633194
246,7322,gpt-4o,0.0031826794147491455
247,4800,gpt-4o,0.044358476996421814
248,7529,gpt-4o,0.08936399221420288
249,6289,gpt-4o,0.026432007551193237
250,900,gpt-4o,0.12954579293727875
251,6855,gpt-4o,-0.021812960505485535
252,1562,gpt-4o,0.040079906582832336
253,6732,gpt-4o,-0.09397801756858826
254,7015,gpt-4o,0.0004607737064361572
255,6132,gpt-4o,0.19842173159122467
256,1071,gpt-4o,-0.008104205131530762
257,7299,gpt-4o,0.048317402601242065
258,3062,gpt-4o,0.06996563076972961
259,7158,gpt-4o,0.051368847489356995
260,6257,gpt-4o,-0.032853275537490845
261,3264,gpt-4o,0.0017652809619903564
262,1863,gpt-4o,0.05850145220756531
263,1892,gpt-4o,0.014784008264541626
264,1446,gpt-4o,0.008748948574066162
265,2387,gpt-4o,0.07821983098983765
266,6492,gpt-4o,-0.08678995072841644
267,7110,gpt-4o,-0.0634063184261322
268,2401,gpt-4o,0.08854421973228455
269,6043,gpt-4o,-0.09348881244659424
270,1140,gpt-4o,0.10314720869064331
271,7497,gpt-4o,0.00879552960395813
272,11067,gpt-4o,0.04894876480102539
273,10876,gpt-4o,0.13319674134254456
274,2828,gpt-4o,-0.14035874605178833
275,1587,gpt-4o,-0.0632181465625763
276,7195,gpt-4o,-0.029285386204719543
277,1319,gpt-4o,0.012793958187103271
278,10951,gpt-4o,-0.008096188306808472
279,6775,gpt-4o,-0.07186141610145569
280,3470,gpt-4o,-0.005069896578788757
281,1664,gpt-4o,-0.11021628975868225
282,11195,gpt-4o,0.05935022234916687
283,2141,gpt-4o,-0.009342432022094727
284,11182,gpt-4o,-0.12504616379737854
285,1146,gpt-4o,0.17863702774047852
286,2427,gpt-4o,-0.020088762044906616
287,1834,gpt-4o,-0.012152090668678284
288,6301,gpt-4o,0.006165117025375366
289,3110,gpt-4o,0.016399338841438293
290,10999,gpt-4o,-0.046068549156188965
291,10894,gpt-4o,-0.07496112585067749
292,6541,gpt-4o,0.11134897172451019
293,1368,gpt-4o,0.3633904904127121
294,2873,gpt-4o,-0.14567632973194122
295,3263,gpt-4o,0.02017921209335327
296,1401,gpt-4o,-0.02428501844406128
297,7338,gpt-4o,0.0311470627784729
298,2757,gpt-4o,0.08369645476341248
299,2869,gpt-4o,0.04994654655456543
300,6926,gpt-4o,0.023805290460586548
301,4689,gpt-4o,0.009557843208312988
302,1597,gpt-4o,0.07752901315689087
303,2202,gpt-4o,0.004811108112335205
304,6655,gpt-4o,0.0871059000492096
305,7092,gpt-4o,0.06964525580406189
306,6435,gpt-4o,-0.004708349704742432
307,3017,gpt-4o,-0.029124021530151367
308,4881,gpt-4o,0.06638689339160919
309,11097,gpt-4o,-0.03475174307823181
310,1676,gpt-4o,0.009340375661849976
311,985,gpt-4o,-0.033068567514419556
312,1749,gpt-4o,-0.06401872634887695
313,2299,gpt-4o,0.013711988925933838
314,1035,gpt-4o,-0.03230133652687073
315,936,gpt-4o,0.11206984519958496
316,3178,gpt-4o,-0.010325849056243896
317,894,gpt-4o,0.16430339217185974
318,2726,gpt-4o,-0.04686914384365082
319,3023,gpt-4o,-0.00037744641304016113
320,7664,gpt-4o,-0.023183315992355347
321,7373,gpt-4o,0.11764207482337952
322,986,gpt-4o,-0.10124659538269043
323,1679,gpt-4o,0.13473111391067505
324,2957,gpt-4o,-0.0072602033615112305
325,6397,gpt-4o,0.05864691734313965
326,6739,gpt-4o,-0.1878666877746582
327,7074,gpt-4o,-0.08715900778770447
328,1980,gpt-4o,-0.037392228841781616
329,7176,gpt-4o,0.011274546384811401
330,1495,gpt-4o,0.02923297882080078
331,6149,gpt-4o,0.15074855089187622
332,5045,gpt-4o,0.03355012834072113
333,2354,gpt-4o,-0.04341508448123932
334,2176,gpt-4o,-0.16816608607769012
335,6074,gpt-4o,0.16010892391204834
336,4705,gpt-4o,-0.057364627718925476
337,1183,gpt-4o,-0.0408155620098114
338,6941,gpt-4o,0.03152427077293396
339,11059,gpt-4o,0.0764998346567154
340,7446,gpt-4o,-0.042966991662979126
341,3372,gpt-4o,-0.048725709319114685
342,1260,gpt-4o,-0.034909576177597046
343,1029,gpt-4o,-0.09085626900196075
344,1946,gpt-4o,-0.023221105337142944
345,2168,gpt-4o,0.0907522439956665
346,5049,gpt-4o,0.026254728436470032
347,1656,gpt-4o,0.19505974650382996
348,3089,gpt-4o,-0.037850797176361084
349,6012,gpt-4o,0.06283611059188843
350,2036,gpt-4o,0.1474379301071167
351,7560,gpt-4o,-0.08806556463241577
352,11065,gpt-4o,0.12059420347213745
353,7240,gpt-4o,0.05592194199562073
354,2544,gpt-4o,0.0597878098487854
355,1649,gpt-4o,0.03394895792007446
356,6861,gpt-4o,-0.12342430651187897
357,2421,gpt-4o,0.04842004179954529
358,4669,gpt-4o,0.05391395092010498
359,3435,gpt-4o,0.017608657479286194
360,7355,gpt-4o,-0.014007478952407837
361,7257,gpt-4o,0.0914556086063385
362,7153,gpt-4o,-0.015998363494873047
363,11019,gpt-4o,-0.09641075134277344
364,7397,gpt-4o,-0.08115111291408539
365,7640,gpt-4o,-0.06265360116958618
366,11212,gpt-4o,-0.02216547727584839
367,6539,gpt-4o,-0.019986331462860107
368,1947,gpt-4o,0.04171299934387207
369,2918,gpt-4o,0.10644650459289551
370,6770,gpt-4o,0.12194952368736267
371,2566,gpt-4o,-0.03149010241031647
372,7198,gpt-4o,0.10983143746852875
373,6004,gpt-4o,-0.04115915298461914
374,1020,gpt-4o,0.17240262031555176
375,3125,gpt-4o,-0.14100652933120728
376,6245,gpt-4o,0.03168970346450806
377,6190,gpt-4o,-0.07396602630615234
378,6890,gpt-4o,-0.015011012554168701
379,6067,gpt-4o,-0.06218314170837402
380,5048,gpt-4o,-0.05078667402267456
381,6706,gpt-4o,-0.07483786344528198
382,1619,gpt-4o,0.06284260749816895
383,2243,gpt-4o,0.08570048213005066
384,4942,gpt-4o,0.08134478330612183
385,2394,gpt-4o,0.06827235221862793
386,6676,gpt-4o,0.04519006609916687
387,2504,gpt-4o,0.04270802438259125
388,11077,gpt-4o,0.01757049560546875
389,7399,gpt-4o,-0.03548958897590637
390,2398,gpt-4o,0.028829827904701233
391,7016,gpt-4o,-0.09424301981925964
392,1796,gpt-4o,-0.03541728854179382
393,889,gpt-4o,0.07039535045623779
394,11142,gpt-4o,0.12641671299934387
395,2268,gpt-4o,0.03807258605957031
396,7093,gpt-4o,0.05428700149059296
397,4687,gpt-4o,0.0349116325378418
398,11157,gpt-4o,-0.008930712938308716
399,10825,gpt-4o,0.014725685119628906
400,7630,gpt-4o,-0.1475020796060562
401,6327,gpt-4o,-0.1567700356245041
402,2117,gpt-4o,0.08598998188972473
403,2538,gpt-4o,0.031827569007873535
404,3402,gpt-4o,-0.032185524702072144
405,11217,gpt-4o,-0.041665613651275635
406,1561,gpt-4o,0.006768286228179932
407,2316,gpt-4o,-0.08258360624313354
408,6271,gpt-4o,-0.06669062376022339
409,7501,gpt-4o,0.16340097784996033
410,11055,gpt-4o,0.11098435521125793
411,6617,gpt-4o,0.06738576292991638
412,3394,gpt-4o,-0.0660271942615509
413,5015,gpt-4o,0.012951254844665527
414,1005,gpt-4o,0.016087234020233154
415,11170,gpt-4o,-0.01099899411201477
416,10957,gpt-4o,-0.0462641716003418
417,1175,gpt-4o,0.12065529823303223
418,3007,gpt-4o,0.03751254081726074
419,7267,gpt-4o,0.06539061665534973
420,6938,gpt-4o,-0.05403819680213928
421,2668,gpt-4o,-0.11621889472007751
422,10806,gpt-4o,-0.06802007555961609
423,4839,gpt-4o,0.0632181465625763
424,6512,gpt-4o,-0.10729923844337463
425,6034,gpt-4o,-0.08994269371032715
426,3509,gpt-4o,0.051329612731933594
427,6697,gpt-4o,-0.003922134637832642
428,7649,gpt-4o,0.045497387647628784
429,7087,gpt-4o,0.009937137365341187
430,870,gpt-4o,0.0316697359085083
431,3350,gpt-4o,-0.02015015482902527
432,11042,gpt-4o,-0.0040888190269470215
433,1648,gpt-4o,-0.07999745011329651
434,1149,gpt-4o,-0.03478296101093292
435,10803,gpt-4o,0.06481611728668213
436,1875,gpt-4o,-0.0672641396522522
437,2863,gpt-4o,0.011519432067871094
438,991,gpt-4o,-0.07829196751117706
439,2314,gpt-4o,0.0801498293876648
440,7508,gpt-4o,-0.04383435845375061
441,3444,gpt-4o,-0.10192404687404633
442,6671,gpt-4o,-0.01353222131729126
443,3267,gpt-4o,-0.0961569994688034
444,2236,gpt-4o,0.12464851140975952
445,1055,gpt-4o,0.08640137314796448
446,6384,gpt-4o,0.06379607319831848
447,3424,gpt-4o,0.14983892440795898
448,1185,gpt-4o,0.002022355794906616
449,7345,gpt-4o,0.015827566385269165
450,6715,gpt-4o,-0.0766313225030899
451,7268,gpt-4o,-0.0002751201391220093
452,6609,gpt-4o,-0.008695989847183228
453,1841,gpt-4o,0.04606647789478302
454,7192,gpt-4o,0.0364173948764801
455,3423,gpt-4o,0.10749760270118713
456,2730,gpt-4o,0.021158263087272644
457,1479,gpt-4o,-0.07316970825195312
458,1004,gpt-4o,-0.0909285843372345
459,6932,gpt-4o,0.16222840547561646
460,1621,gpt-4o,0.04348763823509216
461,7030,gpt-4o,0.0806003212928772
462,4828,gpt-4o,-0.09269016981124878
463,7556,gpt-4o,0.039536431431770325
464,10931,gpt-4o,0.1684316098690033
465,6925,gpt-4o,-0.011593788862228394
466,11272,gpt-4o,0.13789045810699463
467,6452,gpt-4o,0.04465635120868683
468,6014,gpt-4o,0.05747905373573303
469,3331,gpt-4o,-0.09983894228935242
470,1017,gpt-4o,-0.004359766840934753
471,2560,gpt-4o,-0.0424782931804657
472,4824,gpt-4o,-0.020015999674797058
473,7132,gpt-4o,-0.004544436931610107
474,1860,gpt-4o,0.1942155361175537
475,1174,gpt-4o,0.0848989337682724
476,7623,gpt-4o,0.2685306966304779
477,3446,gpt-4o,0.06802396476268768
478,2269,gpt-4o,-0.13453850150108337
479,2825,gpt-4o,-0.06200508773326874
480,2617,gpt-4o,0.052077025175094604
481,1962,gpt-4o,-0.0026748180389404297
482,1638,gpt-4o,0.03889179229736328
483,6868,gpt-4o,0.22387054562568665
484,7113,gpt-4o,0.0373075008392334
485,6620,gpt-4o,-0.14157256484031677
486,6060,gpt-4o,-0.03307843208312988
487,7544,gpt-4o,0.11506949365139008
488,944,gpt-4o,0.12616270780563354
489,11256,gpt-4o,0.008375018835067749
490,3031,gpt-4o,-0.1504489779472351
491,7112,gpt-4o,-0.005301386117935181
492,1044,gpt-4o,-0.16797316074371338
493,7116,gpt-4o,0.1662200540304184
494,7325,gpt-4o,0.06497335433959961
495,1224,gpt-4o,0.07911300659179688
496,7054,gpt-4o,0.14239811897277832
497,1040,gpt-4o,0.19509269297122955
498,3422,gpt-4o,-0.021047532558441162
499,2136,gpt-4o,0.07978320121765137
500,7256,gpt-4o,-0.04590687155723572
